"","Compound_ID","KEGG","Class","Subclass_1","Subclass_2","Subclass_3","Subclass_4"
"1","SL00051","C00407","Peptides","Amino acids","Common amino acids","none","none"
"2","X05406","C00077","Peptides","Amino acids","Other amino acids","none","none"
"3","X01664","C00188","Peptides","Amino acids","Common amino acids","none","none"
"4","X05407","C00089","Carbohydrates","Oligosaccharides","Disaccharides","none","none"
"5","X07910","C00152","Peptides","Amino acids","Common amino acids","none","none"
"6","X00171","C01029",NA,NA,NA,NA,NA
"7","X00135","C00864","Vitamins and Cofactors","Vitamins","Water-soluble vitamins","none","none"
"8","X00509","C00135","Peptides","Amino acids","Common amino acids","none","none"
"9","SL00079","C12269",NA,NA,NA,NA,NA
"10","X07554","C11002",NA,NA,NA,NA,NA
"11","SL00018","C00106","Nucleic acids","Bases","Pyrimidines","none","none"
"12","X00230","C01152",NA,NA,NA,NA,NA
"13","X02373","C00437",NA,NA,NA,NA,NA
"14","SL00232","C00378","Vitamins and Cofactors","Vitamins","Water-soluble vitamins","none","none"
"15","X03133","C02997",NA,NA,NA,NA,NA
"16","X00109","C00042","Organic acids","Carboxylic acids","Dicarboxylic acids","none","none"
"17","SL00249","C04483","Lipids","Sterol Lipids","Bile acids and derivatives","C24 bile acids, alcohols, and derivatives","none"
"18","X00332","C00785",NA,NA,NA,NA,NA
"19","X02467","C16308",NA,NA,NA,NA,NA
"20","SL00253","C00019","Vitamins and Cofactors","Cofactors","Coenzymes","none","none"
"21","SL00014","C00065","Peptides","Amino acids","Common amino acids","none","none"
"22","SL00148","C00062","Peptides","Amino acids","Common amino acids","none","none"
"23","SL00011","C00114",NA,NA,NA,NA,NA
"24","SL00075","C01996","Hormones and transmitters","Neurotransmitters","Acetylcholine","none","none"
"25","X00244","C00082","Peptides","Amino acids","Common amino acids","none","none"
"26","X02098","C00645","Carbohydrates","Monosaccharides","Amino sugars","none","none"
"27","SL00109","C00318",NA,NA,NA,NA,NA
"28","SL00200","C00078","Peptides","Amino acids","Common amino acids","none","none"
"29","X04941",NA,NA,NA,NA,NA,NA
"30","X01391","C01035",NA,NA,NA,NA,NA
"31","SL00236","C01762","Phytochemical compounds","Alkaloids","Others","Purine alkaloids","none"
"32","SL00065","C01004","Phytochemical compounds","Alkaloids","Alkaloids derived from nicotinic acid","Pyridine alkaloids","none"
"33","SL00159","C07480","Phytochemical compounds","Alkaloids","Others","Purine alkaloids","none"
"34","X02468","",NA,NA,NA,NA,NA
"35","X02452","",NA,NA,NA,NA,NA
"36","X08091","",NA,NA,NA,NA,NA
"37","X01151","",NA,NA,NA,NA,NA
"38","X03295","",NA,NA,NA,NA,NA
"39","X03151","",NA,NA,NA,NA,NA
"40","X05463","",NA,NA,NA,NA,NA
"41","X03428","",NA,NA,NA,NA,NA
"42","X00896","",NA,NA,NA,NA,NA
"43","X03018","",NA,NA,NA,NA,NA
"44","X06276","",NA,NA,NA,NA,NA
"45","X01581","",NA,NA,NA,NA,NA
"46","X04054","",NA,NA,NA,NA,NA
"47","X04273","",NA,NA,NA,NA,NA
"48","X02167","",NA,NA,NA,NA,NA
"49","X04449","",NA,NA,NA,NA,NA
"50","X09328","",NA,NA,NA,NA,NA
"51","X06428","",NA,NA,NA,NA,NA
"52","X01134","",NA,NA,NA,NA,NA
"53","X02548","",NA,NA,NA,NA,NA
"54","X08121","",NA,NA,NA,NA,NA
"55","X01846","",NA,NA,NA,NA,NA
"56","X03356","",NA,NA,NA,NA,NA
"57","X04693","",NA,NA,NA,NA,NA
"58","X01541","",NA,NA,NA,NA,NA
"59","X02168","",NA,NA,NA,NA,NA
"60","X00471","",NA,NA,NA,NA,NA
"61","X03246","",NA,NA,NA,NA,NA
"62","X08469","",NA,NA,NA,NA,NA
"63","X06385","",NA,NA,NA,NA,NA
"64","X04695","",NA,NA,NA,NA,NA
"65","X09313","",NA,NA,NA,NA,NA
"66","X06572","",NA,NA,NA,NA,NA
"67","X08653","",NA,NA,NA,NA,NA
"68","X02592","",NA,NA,NA,NA,NA
"69","X09114","",NA,NA,NA,NA,NA
"70","X06051","",NA,NA,NA,NA,NA
"71","X03599","",NA,NA,NA,NA,NA
"72","X00334","",NA,NA,NA,NA,NA
"73","X07482","",NA,NA,NA,NA,NA
"74","X05956","",NA,NA,NA,NA,NA
"75","X06596","",NA,NA,NA,NA,NA
"76","X06037","",NA,NA,NA,NA,NA
"77","X05597","",NA,NA,NA,NA,NA
"78","X00988","",NA,NA,NA,NA,NA
"79","X07163","",NA,NA,NA,NA,NA
"80","X00036","",NA,NA,NA,NA,NA
"81","X06133","",NA,NA,NA,NA,NA
"82","X00514","",NA,NA,NA,NA,NA
"83","X00744","",NA,NA,NA,NA,NA
"84","X02005","",NA,NA,NA,NA,NA
"85","X06497","",NA,NA,NA,NA,NA
"86","X05984","",NA,NA,NA,NA,NA
"87","X02405","",NA,NA,NA,NA,NA
"88","X02036","",NA,NA,NA,NA,NA
"89","X02352","",NA,NA,NA,NA,NA
"90","X01492","",NA,NA,NA,NA,NA
"91","X02580","",NA,NA,NA,NA,NA
"92","X03941","",NA,NA,NA,NA,NA
"93","X02052","",NA,NA,NA,NA,NA
"94","X06278","",NA,NA,NA,NA,NA
"95","X05190","",NA,NA,NA,NA,NA
"96","X04991","",NA,NA,NA,NA,NA
"97","X06300","",NA,NA,NA,NA,NA
"98","X00774","",NA,NA,NA,NA,NA
"99","X02360","",NA,NA,NA,NA,NA
"100","X00160","",NA,NA,NA,NA,NA
"101","X01377","",NA,NA,NA,NA,NA
"102","X05383","",NA,NA,NA,NA,NA
"103","X02063","",NA,NA,NA,NA,NA
"104","X03759","",NA,NA,NA,NA,NA
"105","X02147","",NA,NA,NA,NA,NA
"106","X05720","",NA,NA,NA,NA,NA
"107","X07700","",NA,NA,NA,NA,NA
"108","X04330","",NA,NA,NA,NA,NA
"109","X01487","",NA,NA,NA,NA,NA
"110","X01330","",NA,NA,NA,NA,NA
"111","X00177","",NA,NA,NA,NA,NA
"112","X00272","",NA,NA,NA,NA,NA
"113","X04675","",NA,NA,NA,NA,NA
"114","X03897","",NA,NA,NA,NA,NA
"115","X04740","",NA,NA,NA,NA,NA
"116","X02549","",NA,NA,NA,NA,NA
"117","X09661","",NA,NA,NA,NA,NA
"118","X07771","",NA,NA,NA,NA,NA
"119","X02741","",NA,NA,NA,NA,NA
"120","X00565","",NA,NA,NA,NA,NA
"121","X05613","",NA,NA,NA,NA,NA
"122","X05537","",NA,NA,NA,NA,NA
"123","X03561","",NA,NA,NA,NA,NA
"124","X06486","",NA,NA,NA,NA,NA
"125","X05120","",NA,NA,NA,NA,NA
"126","X09420","",NA,NA,NA,NA,NA
"127","X07868","",NA,NA,NA,NA,NA
"128","X04583","",NA,NA,NA,NA,NA
"129","X04916","",NA,NA,NA,NA,NA
"130","X05254","",NA,NA,NA,NA,NA
"131","X00799","",NA,NA,NA,NA,NA
"132","X05841","",NA,NA,NA,NA,NA
"133","X07986","",NA,NA,NA,NA,NA
"134","X01457","",NA,NA,NA,NA,NA
"135","X08347","",NA,NA,NA,NA,NA
"136","X05773","",NA,NA,NA,NA,NA
"137","X09608","",NA,NA,NA,NA,NA
"138","X04585","",NA,NA,NA,NA,NA
"139","X09654","",NA,NA,NA,NA,NA
"140","X08156","",NA,NA,NA,NA,NA
"141","X01749","",NA,NA,NA,NA,NA
"142","X01731","",NA,NA,NA,NA,NA
"143","X04261","",NA,NA,NA,NA,NA
"144","X04441","",NA,NA,NA,NA,NA
"145","X05896","",NA,NA,NA,NA,NA
"146","X05887","",NA,NA,NA,NA,NA
"147","X00377","",NA,NA,NA,NA,NA
"148","X01584","",NA,NA,NA,NA,NA
"149","X08292","",NA,NA,NA,NA,NA
"150","X05006","",NA,NA,NA,NA,NA
"151","X01559","",NA,NA,NA,NA,NA
"152","X02203","",NA,NA,NA,NA,NA
"153","X06420","",NA,NA,NA,NA,NA
"154","X09314","",NA,NA,NA,NA,NA
"155","X00727","",NA,NA,NA,NA,NA
"156","X03548","",NA,NA,NA,NA,NA
"157","X01924","",NA,NA,NA,NA,NA
"158","X07531","",NA,NA,NA,NA,NA
"159","X04418","",NA,NA,NA,NA,NA
"160","X04836","",NA,NA,NA,NA,NA
"161","X08299","",NA,NA,NA,NA,NA
"162","X00690","",NA,NA,NA,NA,NA
"163","X00789","",NA,NA,NA,NA,NA
"164","X03651","",NA,NA,NA,NA,NA
"165","X02919","",NA,NA,NA,NA,NA
"166","X09538","",NA,NA,NA,NA,NA
"167","X03189","",NA,NA,NA,NA,NA
"168","X06475","",NA,NA,NA,NA,NA
"169","X08645","",NA,NA,NA,NA,NA
"170","X06913","",NA,NA,NA,NA,NA
"171","X06815","",NA,NA,NA,NA,NA
"172","X01258","",NA,NA,NA,NA,NA
"173","X04850","",NA,NA,NA,NA,NA
"174","X04254","",NA,NA,NA,NA,NA
"175","X03675","",NA,NA,NA,NA,NA
"176","X03915","",NA,NA,NA,NA,NA
"177","X01784","",NA,NA,NA,NA,NA
"178","X07201","",NA,NA,NA,NA,NA
"179","X03591","",NA,NA,NA,NA,NA
"180","X06839","",NA,NA,NA,NA,NA
"181","X06091","",NA,NA,NA,NA,NA
"182","X09815","",NA,NA,NA,NA,NA
"183","X02347","",NA,NA,NA,NA,NA
"184","X07788","",NA,NA,NA,NA,NA
"185","X04622","",NA,NA,NA,NA,NA
"186","X01071","",NA,NA,NA,NA,NA
"187","X03248","",NA,NA,NA,NA,NA
"188","X02102","",NA,NA,NA,NA,NA
"189","X04635","",NA,NA,NA,NA,NA
"190","X07573","",NA,NA,NA,NA,NA
"191","X01755","",NA,NA,NA,NA,NA
"192","X07380","",NA,NA,NA,NA,NA
"193","X01045","",NA,NA,NA,NA,NA
"194","X04333","",NA,NA,NA,NA,NA
"195","X06050","",NA,NA,NA,NA,NA
"196","X08149","",NA,NA,NA,NA,NA
"197","X09786","",NA,NA,NA,NA,NA
"198","X05665","",NA,NA,NA,NA,NA
"199","X06561","",NA,NA,NA,NA,NA
"200","X04639","",NA,NA,NA,NA,NA
"201","X03542","",NA,NA,NA,NA,NA
"202","X00411","",NA,NA,NA,NA,NA
"203","X06676","",NA,NA,NA,NA,NA
"204","X08740","",NA,NA,NA,NA,NA
"205","X09917","",NA,NA,NA,NA,NA
"206","X03142","",NA,NA,NA,NA,NA
"207","X02838","",NA,NA,NA,NA,NA
"208","X08053","",NA,NA,NA,NA,NA
"209","X01683","",NA,NA,NA,NA,NA
"210","X03547","",NA,NA,NA,NA,NA
"211","X09395","",NA,NA,NA,NA,NA
"212","X02776","",NA,NA,NA,NA,NA
"213","X00941","",NA,NA,NA,NA,NA
"214","X08283","",NA,NA,NA,NA,NA
"215","X01242","",NA,NA,NA,NA,NA
"216","X03497","",NA,NA,NA,NA,NA
"217","X02718","",NA,NA,NA,NA,NA
"218","X04109","",NA,NA,NA,NA,NA
"219","X04455","",NA,NA,NA,NA,NA
"220","X07819","",NA,NA,NA,NA,NA
"221","X02382","",NA,NA,NA,NA,NA
"222","X06864","",NA,NA,NA,NA,NA
"223","X05865","",NA,NA,NA,NA,NA
"224","X08131","",NA,NA,NA,NA,NA
"225","X03579","",NA,NA,NA,NA,NA
"226","X05050","",NA,NA,NA,NA,NA
"227","X02858","",NA,NA,NA,NA,NA
"228","X01850","",NA,NA,NA,NA,NA
"229","X09550","",NA,NA,NA,NA,NA
"230","X02895","",NA,NA,NA,NA,NA
"231","X06336","",NA,NA,NA,NA,NA
"232","X00686","",NA,NA,NA,NA,NA
"233","X01307","",NA,NA,NA,NA,NA
"234","X01576","",NA,NA,NA,NA,NA
"235","X01569","",NA,NA,NA,NA,NA
"236","X08953","",NA,NA,NA,NA,NA
"237","X07206","",NA,NA,NA,NA,NA
"238","X03224","",NA,NA,NA,NA,NA
"239","X00790","",NA,NA,NA,NA,NA
"240","X03346","",NA,NA,NA,NA,NA
"241","X03339","",NA,NA,NA,NA,NA
"242","X08829","",NA,NA,NA,NA,NA
"243","X06862","",NA,NA,NA,NA,NA
"244","X06256","",NA,NA,NA,NA,NA
"245","X01032","",NA,NA,NA,NA,NA
"246","X03116","",NA,NA,NA,NA,NA
"247","X07291","",NA,NA,NA,NA,NA
"248","X06213","",NA,NA,NA,NA,NA
"249","X02587","",NA,NA,NA,NA,NA
"250","X03776","",NA,NA,NA,NA,NA
"251","X03408","",NA,NA,NA,NA,NA
"252","X06944","",NA,NA,NA,NA,NA
"253","X06143","",NA,NA,NA,NA,NA
"254","X06728","",NA,NA,NA,NA,NA
"255","X09320","",NA,NA,NA,NA,NA
"256","X07266","",NA,NA,NA,NA,NA
"257","X07378","",NA,NA,NA,NA,NA
"258","X04893","",NA,NA,NA,NA,NA
"259","X08071","",NA,NA,NA,NA,NA
"260","X00826","",NA,NA,NA,NA,NA
"261","X01463","",NA,NA,NA,NA,NA
"262","X05862","",NA,NA,NA,NA,NA
"263","X05151","",NA,NA,NA,NA,NA
"264","X00725","",NA,NA,NA,NA,NA
"265","X02094","",NA,NA,NA,NA,NA
"266","X00481","",NA,NA,NA,NA,NA
"267","X01047","",NA,NA,NA,NA,NA
"268","X03427","",NA,NA,NA,NA,NA
"269","X02791","",NA,NA,NA,NA,NA
"270","X02708","",NA,NA,NA,NA,NA
"271","X02958","",NA,NA,NA,NA,NA
"272","X07345","",NA,NA,NA,NA,NA
"273","X00645","",NA,NA,NA,NA,NA
"274","X00196","",NA,NA,NA,NA,NA
"275","X03300","",NA,NA,NA,NA,NA
"276","X01384","",NA,NA,NA,NA,NA
"277","X06261","",NA,NA,NA,NA,NA
"278","X02443","",NA,NA,NA,NA,NA
"279","X09111","",NA,NA,NA,NA,NA
"280","X07655","",NA,NA,NA,NA,NA
"281","X06354","",NA,NA,NA,NA,NA
"282","X03413","",NA,NA,NA,NA,NA
"283","X01130","",NA,NA,NA,NA,NA
"284","X01147","",NA,NA,NA,NA,NA
"285","X04949","",NA,NA,NA,NA,NA
"286","X05248","",NA,NA,NA,NA,NA
"287","X03546","",NA,NA,NA,NA,NA
"288","X02943","",NA,NA,NA,NA,NA
"289","X02150","",NA,NA,NA,NA,NA
"290","X07877","",NA,NA,NA,NA,NA
"291","X07579","",NA,NA,NA,NA,NA
"292","X05073","",NA,NA,NA,NA,NA
"293","X07453","",NA,NA,NA,NA,NA
"294","X02937","",NA,NA,NA,NA,NA
"295","X02673","",NA,NA,NA,NA,NA
"296","X08801","",NA,NA,NA,NA,NA
"297","X08220","",NA,NA,NA,NA,NA
"298","X04326","",NA,NA,NA,NA,NA
"299","X04554","",NA,NA,NA,NA,NA
"300","X05104","",NA,NA,NA,NA,NA
"301","X04068","",NA,NA,NA,NA,NA
"302","X04691","",NA,NA,NA,NA,NA
"303","X01813","",NA,NA,NA,NA,NA
"304","X00560","",NA,NA,NA,NA,NA
"305","X02435","",NA,NA,NA,NA,NA
"306","X08196","",NA,NA,NA,NA,NA
"307","X02238","",NA,NA,NA,NA,NA
"308","X02298","",NA,NA,NA,NA,NA
"309","X06121","",NA,NA,NA,NA,NA
"310","X06442","",NA,NA,NA,NA,NA
"311","X04947","",NA,NA,NA,NA,NA
"312","X01621","",NA,NA,NA,NA,NA
"313","X06627","",NA,NA,NA,NA,NA
"314","X07127","",NA,NA,NA,NA,NA
"315","X05489","",NA,NA,NA,NA,NA
"316","X07855","",NA,NA,NA,NA,NA
"317","X03303","",NA,NA,NA,NA,NA
"318","X06535","",NA,NA,NA,NA,NA
"319","X09860","",NA,NA,NA,NA,NA
"320","X06715","",NA,NA,NA,NA,NA
"321","X04976","",NA,NA,NA,NA,NA
"322","X04705","",NA,NA,NA,NA,NA
"323","X05776","",NA,NA,NA,NA,NA
"324","X07737","",NA,NA,NA,NA,NA
"325","X05137","",NA,NA,NA,NA,NA
"326","X08688","",NA,NA,NA,NA,NA
"327","X05513","",NA,NA,NA,NA,NA
"328","X00050","",NA,NA,NA,NA,NA
"329","X00479","",NA,NA,NA,NA,NA
"330","X02242","",NA,NA,NA,NA,NA
"331","X00639","",NA,NA,NA,NA,NA
"332","X03422","",NA,NA,NA,NA,NA
"333","X05808","",NA,NA,NA,NA,NA
"334","X01021","",NA,NA,NA,NA,NA
"335","X06234","",NA,NA,NA,NA,NA
"336","X03150","",NA,NA,NA,NA,NA
"337","X08451","",NA,NA,NA,NA,NA
"338","X09604","",NA,NA,NA,NA,NA
"339","X04575","",NA,NA,NA,NA,NA
"340","X06551","",NA,NA,NA,NA,NA
"341","X03494","",NA,NA,NA,NA,NA
"342","X04514","",NA,NA,NA,NA,NA
"343","X09039","",NA,NA,NA,NA,NA
"344","X00934","",NA,NA,NA,NA,NA
"345","X04666","",NA,NA,NA,NA,NA
"346","X06174","",NA,NA,NA,NA,NA
"347","X04846","",NA,NA,NA,NA,NA
"348","X05385","",NA,NA,NA,NA,NA
"349","X03460","",NA,NA,NA,NA,NA
"350","X04788","",NA,NA,NA,NA,NA
"351","X05117","",NA,NA,NA,NA,NA
"352","X08781","",NA,NA,NA,NA,NA
"353","X03360","",NA,NA,NA,NA,NA
"354","X01108","",NA,NA,NA,NA,NA
"355","X01837","",NA,NA,NA,NA,NA
"356","X04094","",NA,NA,NA,NA,NA
"357","X05592","",NA,NA,NA,NA,NA
"358","X05845","",NA,NA,NA,NA,NA
"359","X00497","",NA,NA,NA,NA,NA
"360","X03947","",NA,NA,NA,NA,NA
"361","X05471","",NA,NA,NA,NA,NA
"362","X00316","",NA,NA,NA,NA,NA
"363","X00132","",NA,NA,NA,NA,NA
"364","X00984","",NA,NA,NA,NA,NA
"365","X01342","",NA,NA,NA,NA,NA
"366","X01578","",NA,NA,NA,NA,NA
"367","X01065","",NA,NA,NA,NA,NA
"368","X03755","",NA,NA,NA,NA,NA
"369","X06034","",NA,NA,NA,NA,NA
"370","X07807","",NA,NA,NA,NA,NA
"371","X08614","",NA,NA,NA,NA,NA
"372","X09002","",NA,NA,NA,NA,NA
"373","X01890","",NA,NA,NA,NA,NA
"374","X00284","",NA,NA,NA,NA,NA
"375","X06010","",NA,NA,NA,NA,NA
"376","X00814","",NA,NA,NA,NA,NA
"377","X08573","",NA,NA,NA,NA,NA
"378","X04732","",NA,NA,NA,NA,NA
"379","X03196","",NA,NA,NA,NA,NA
"380","X09666","",NA,NA,NA,NA,NA
"381","X06639","",NA,NA,NA,NA,NA
"382","X06463","",NA,NA,NA,NA,NA
"383","X04101","",NA,NA,NA,NA,NA
"384","X06287","",NA,NA,NA,NA,NA
"385","X08556","",NA,NA,NA,NA,NA
"386","X02205","",NA,NA,NA,NA,NA
"387","X01681","",NA,NA,NA,NA,NA
"388","X00531","",NA,NA,NA,NA,NA
"389","X02567","",NA,NA,NA,NA,NA
"390","X00544","",NA,NA,NA,NA,NA
"391","X08644","",NA,NA,NA,NA,NA
"392","X06560","",NA,NA,NA,NA,NA
"393","X09655","",NA,NA,NA,NA,NA
"394","X04521","",NA,NA,NA,NA,NA
"395","X02076","",NA,NA,NA,NA,NA
"396","X01657","",NA,NA,NA,NA,NA
"397","X00868","",NA,NA,NA,NA,NA
"398","X02316","",NA,NA,NA,NA,NA
"399","X01076","",NA,NA,NA,NA,NA
"400","X07184","",NA,NA,NA,NA,NA
"401","X01720","",NA,NA,NA,NA,NA
"402","X05412","",NA,NA,NA,NA,NA
"403","X04868","",NA,NA,NA,NA,NA
"404","X06065","",NA,NA,NA,NA,NA
"405","X05901","",NA,NA,NA,NA,NA
"406","X03662","",NA,NA,NA,NA,NA
"407","X00487","",NA,NA,NA,NA,NA
"408","X01054","",NA,NA,NA,NA,NA
"409","X00575","",NA,NA,NA,NA,NA
"410","X01645","",NA,NA,NA,NA,NA
"411","X07254","",NA,NA,NA,NA,NA
"412","X04934","",NA,NA,NA,NA,NA
"413","X09325","",NA,NA,NA,NA,NA
"414","X04750","",NA,NA,NA,NA,NA
"415","X02684","",NA,NA,NA,NA,NA
"416","X08560","",NA,NA,NA,NA,NA
"417","X03910","",NA,NA,NA,NA,NA
"418","X03075","",NA,NA,NA,NA,NA
"419","X05689","",NA,NA,NA,NA,NA
"420","X04827","",NA,NA,NA,NA,NA
"421","X06260","",NA,NA,NA,NA,NA
"422","X09178","",NA,NA,NA,NA,NA
"423","X05928","",NA,NA,NA,NA,NA
"424","X08333","",NA,NA,NA,NA,NA
"425","X08678","",NA,NA,NA,NA,NA
"426","X03435","",NA,NA,NA,NA,NA
"427","X03861","",NA,NA,NA,NA,NA
"428","X06163","",NA,NA,NA,NA,NA
"429","X02508","",NA,NA,NA,NA,NA
"430","X06301","",NA,NA,NA,NA,NA
"431","X07195","",NA,NA,NA,NA,NA
"432","X07818","",NA,NA,NA,NA,NA
"433","X08680","",NA,NA,NA,NA,NA
"434","X04000","",NA,NA,NA,NA,NA
"435","X03872","",NA,NA,NA,NA,NA
"436","X08699","",NA,NA,NA,NA,NA
"437","X08958","",NA,NA,NA,NA,NA
"438","X02064","",NA,NA,NA,NA,NA
"439","X06085","",NA,NA,NA,NA,NA
"440","X05014","",NA,NA,NA,NA,NA
"441","X05763","",NA,NA,NA,NA,NA
"442","X09517","",NA,NA,NA,NA,NA
"443","X06108","",NA,NA,NA,NA,NA
"444","X04175","",NA,NA,NA,NA,NA
"445","X01211","",NA,NA,NA,NA,NA
"446","X05649","",NA,NA,NA,NA,NA
"447","X02072","",NA,NA,NA,NA,NA
"448","X01040","",NA,NA,NA,NA,NA
"449","X07859","",NA,NA,NA,NA,NA
"450","X00552","",NA,NA,NA,NA,NA
"451","X07326","",NA,NA,NA,NA,NA
"452","X09678","",NA,NA,NA,NA,NA
"453","X07077","",NA,NA,NA,NA,NA
"454","X04151","",NA,NA,NA,NA,NA
"455","X06180","",NA,NA,NA,NA,NA
"456","X07509","",NA,NA,NA,NA,NA
"457","X03954","",NA,NA,NA,NA,NA
"458","X06318","",NA,NA,NA,NA,NA
"459","X02831","",NA,NA,NA,NA,NA
"460","X05380","",NA,NA,NA,NA,NA
"461","X02156","",NA,NA,NA,NA,NA
"462","X04470","",NA,NA,NA,NA,NA
"463","X01207","",NA,NA,NA,NA,NA
"464","X00506","",NA,NA,NA,NA,NA
"465","X00662","",NA,NA,NA,NA,NA
"466","X01977","",NA,NA,NA,NA,NA
"467","X02785","",NA,NA,NA,NA,NA
"468","X03523","",NA,NA,NA,NA,NA
"469","X04926","",NA,NA,NA,NA,NA
"470","X03175","",NA,NA,NA,NA,NA
"471","X04932","",NA,NA,NA,NA,NA
"472","X01077","",NA,NA,NA,NA,NA
"473","X00467","",NA,NA,NA,NA,NA
"474","X05240","",NA,NA,NA,NA,NA
"475","X03586","",NA,NA,NA,NA,NA
"476","X03953","",NA,NA,NA,NA,NA
"477","X06130","",NA,NA,NA,NA,NA
"478","X01926","",NA,NA,NA,NA,NA
"479","X02091","",NA,NA,NA,NA,NA
"480","X00480","",NA,NA,NA,NA,NA
"481","X07364","",NA,NA,NA,NA,NA
"482","X00429","",NA,NA,NA,NA,NA
"483","X03569","",NA,NA,NA,NA,NA
"484","X01702","",NA,NA,NA,NA,NA
"485","X01612","",NA,NA,NA,NA,NA
"486","X04517","",NA,NA,NA,NA,NA
"487","X00412","",NA,NA,NA,NA,NA
"488","X00673","",NA,NA,NA,NA,NA
"489","X01967","",NA,NA,NA,NA,NA
"490","X01096","",NA,NA,NA,NA,NA
"491","X03817","",NA,NA,NA,NA,NA
"492","X04817","",NA,NA,NA,NA,NA
"493","X06764","",NA,NA,NA,NA,NA
"494","X07527","",NA,NA,NA,NA,NA
"495","X05590","",NA,NA,NA,NA,NA
"496","X02951","",NA,NA,NA,NA,NA
"497","X00204","",NA,NA,NA,NA,NA
"498","X07454","",NA,NA,NA,NA,NA
"499","X00694","",NA,NA,NA,NA,NA
"500","X04828","",NA,NA,NA,NA,NA
"501","X01485","",NA,NA,NA,NA,NA
"502","X04784","",NA,NA,NA,NA,NA
"503","X01840","",NA,NA,NA,NA,NA
"504","X00057","",NA,NA,NA,NA,NA
"505","X01607","",NA,NA,NA,NA,NA
"506","X02149","",NA,NA,NA,NA,NA
"507","X05022","",NA,NA,NA,NA,NA
"508","X05349","",NA,NA,NA,NA,NA
"509","X06763","",NA,NA,NA,NA,NA
"510","X02127","",NA,NA,NA,NA,NA
"511","X08991","",NA,NA,NA,NA,NA
"512","X03190","",NA,NA,NA,NA,NA
"513","X05925","",NA,NA,NA,NA,NA
"514","X04613","",NA,NA,NA,NA,NA
"515","X00258","",NA,NA,NA,NA,NA
"516","X03701","",NA,NA,NA,NA,NA
"517","X08110","",NA,NA,NA,NA,NA
"518","X02240","",NA,NA,NA,NA,NA
"519","X02074","",NA,NA,NA,NA,NA
"520","X07213","",NA,NA,NA,NA,NA
"521","X09116","",NA,NA,NA,NA,NA
"522","X08058","",NA,NA,NA,NA,NA
"523","X04507","",NA,NA,NA,NA,NA
"524","X01020","",NA,NA,NA,NA,NA
"525","X05204","",NA,NA,NA,NA,NA
"526","X06972","",NA,NA,NA,NA,NA
"527","X06612","",NA,NA,NA,NA,NA
"528","X04289","",NA,NA,NA,NA,NA
"529","X09541","",NA,NA,NA,NA,NA
"530","X08867","",NA,NA,NA,NA,NA
"531","X07229","",NA,NA,NA,NA,NA
"532","X02751","",NA,NA,NA,NA,NA
"533","X02387","",NA,NA,NA,NA,NA
"534","X08716","",NA,NA,NA,NA,NA
"535","X01765","",NA,NA,NA,NA,NA
"536","X01667","",NA,NA,NA,NA,NA
"537","X08440","",NA,NA,NA,NA,NA
"538","X07282","",NA,NA,NA,NA,NA
"539","X07437","",NA,NA,NA,NA,NA
"540","X03469","",NA,NA,NA,NA,NA
"541","X06042","",NA,NA,NA,NA,NA
"542","X07359","",NA,NA,NA,NA,NA
"543","X01301","",NA,NA,NA,NA,NA
"544","X02491","",NA,NA,NA,NA,NA
"545","X04683","",NA,NA,NA,NA,NA
"546","X07752","",NA,NA,NA,NA,NA
"547","X02002","",NA,NA,NA,NA,NA
"548","X07414","",NA,NA,NA,NA,NA
"549","X00355","",NA,NA,NA,NA,NA
"550","X03265","",NA,NA,NA,NA,NA
"551","X02488","",NA,NA,NA,NA,NA
"552","X06001","",NA,NA,NA,NA,NA
"553","X07123","",NA,NA,NA,NA,NA
"554","X05824","",NA,NA,NA,NA,NA
"555","X03554","",NA,NA,NA,NA,NA
"556","X06505","",NA,NA,NA,NA,NA
"557","X08669","",NA,NA,NA,NA,NA
"558","X02367","",NA,NA,NA,NA,NA
"559","X02213","",NA,NA,NA,NA,NA
"560","X05531","",NA,NA,NA,NA,NA
"561","X05455","",NA,NA,NA,NA,NA
"562","X03855","",NA,NA,NA,NA,NA
"563","X05793","",NA,NA,NA,NA,NA
"564","X08529","",NA,NA,NA,NA,NA
"565","X00696","",NA,NA,NA,NA,NA
"566","X04288","",NA,NA,NA,NA,NA
"567","X09419","",NA,NA,NA,NA,NA
"568","X01248","",NA,NA,NA,NA,NA
"569","X00545","",NA,NA,NA,NA,NA
"570","X02079","",NA,NA,NA,NA,NA
"571","X07311","",NA,NA,NA,NA,NA
"572","X05100","",NA,NA,NA,NA,NA
"573","X01550","",NA,NA,NA,NA,NA
"574","X00576","",NA,NA,NA,NA,NA
"575","X04849","",NA,NA,NA,NA,NA
"576","X07740","",NA,NA,NA,NA,NA
"577","X02749","",NA,NA,NA,NA,NA
"578","X02723","",NA,NA,NA,NA,NA
"579","X04125","",NA,NA,NA,NA,NA
"580","X04874","",NA,NA,NA,NA,NA
"581","X01575","",NA,NA,NA,NA,NA
"582","X06700","",NA,NA,NA,NA,NA
"583","X00370","",NA,NA,NA,NA,NA
"584","X08293","",NA,NA,NA,NA,NA
"585","X00504","",NA,NA,NA,NA,NA
"586","X00569","",NA,NA,NA,NA,NA
"587","X03673","",NA,NA,NA,NA,NA
"588","X01018","",NA,NA,NA,NA,NA
"589","X06076","",NA,NA,NA,NA,NA
"590","X03035","",NA,NA,NA,NA,NA
"591","X04382","",NA,NA,NA,NA,NA
"592","X05405","",NA,NA,NA,NA,NA
"593","X06707","",NA,NA,NA,NA,NA
"594","X08721","",NA,NA,NA,NA,NA
"595","X06901","",NA,NA,NA,NA,NA
"596","X00340","",NA,NA,NA,NA,NA
"597","X08116","",NA,NA,NA,NA,NA
"598","X03143","",NA,NA,NA,NA,NA
"599","X04374","",NA,NA,NA,NA,NA
"600","X07954","",NA,NA,NA,NA,NA
"601","X01264","",NA,NA,NA,NA,NA
"602","X03942","",NA,NA,NA,NA,NA
"603","X00151","",NA,NA,NA,NA,NA
"604","X00138","",NA,NA,NA,NA,NA
"605","X00345","",NA,NA,NA,NA,NA
"606","X00287","",NA,NA,NA,NA,NA
"607","X00224","",NA,NA,NA,NA,NA
"608","X05599","",NA,NA,NA,NA,NA
"609","X04404","",NA,NA,NA,NA,NA
"610","X07945","",NA,NA,NA,NA,NA
"611","X09140","",NA,NA,NA,NA,NA
"612","X06436","",NA,NA,NA,NA,NA
"613","X03828","",NA,NA,NA,NA,NA
"614","X00813","",NA,NA,NA,NA,NA
"615","X04352","",NA,NA,NA,NA,NA
"616","X01392","",NA,NA,NA,NA,NA
"617","X05451","",NA,NA,NA,NA,NA
"618","X04148","",NA,NA,NA,NA,NA
"619","X03259","",NA,NA,NA,NA,NA
"620","X01712","",NA,NA,NA,NA,NA
"621","X05509","",NA,NA,NA,NA,NA
"622","X00463","",NA,NA,NA,NA,NA
"623","X06857","",NA,NA,NA,NA,NA
"624","X08602","",NA,NA,NA,NA,NA
"625","X08704","",NA,NA,NA,NA,NA
"626","X04742","",NA,NA,NA,NA,NA
"627","X06039","",NA,NA,NA,NA,NA
"628","X07327","",NA,NA,NA,NA,NA
"629","X08605","",NA,NA,NA,NA,NA
"630","X05557","",NA,NA,NA,NA,NA
"631","X03448","",NA,NA,NA,NA,NA
"632","X05122","",NA,NA,NA,NA,NA
"633","X08914","",NA,NA,NA,NA,NA
"634","X09213","",NA,NA,NA,NA,NA
"635","X04483","",NA,NA,NA,NA,NA
"636","X06694","",NA,NA,NA,NA,NA
"637","X09072","",NA,NA,NA,NA,NA
"638","X07616","",NA,NA,NA,NA,NA
"639","X03127","",NA,NA,NA,NA,NA
"640","X03079","",NA,NA,NA,NA,NA
"641","X08981","",NA,NA,NA,NA,NA
"642","X07600","",NA,NA,NA,NA,NA
"643","X07769","",NA,NA,NA,NA,NA
"644","X09599","",NA,NA,NA,NA,NA
"645","X01796","",NA,NA,NA,NA,NA
"646","X02480","",NA,NA,NA,NA,NA
"647","X07672","",NA,NA,NA,NA,NA
"648","X00678","",NA,NA,NA,NA,NA
"649","X02350","",NA,NA,NA,NA,NA
"650","X06331","",NA,NA,NA,NA,NA
"651","X07487","",NA,NA,NA,NA,NA
"652","X08664","",NA,NA,NA,NA,NA
"653","X01431","",NA,NA,NA,NA,NA
"654","X04444","",NA,NA,NA,NA,NA
"655","X07791","",NA,NA,NA,NA,NA
"656","X04290","",NA,NA,NA,NA,NA
"657","X03603","",NA,NA,NA,NA,NA
"658","X01522","",NA,NA,NA,NA,NA
"659","X06919","",NA,NA,NA,NA,NA
"660","X08475","",NA,NA,NA,NA,NA
"661","X04673","",NA,NA,NA,NA,NA
"662","X07375","",NA,NA,NA,NA,NA
"663","X03551","",NA,NA,NA,NA,NA
"664","X08421","",NA,NA,NA,NA,NA
"665","X07550","",NA,NA,NA,NA,NA
"666","X01234","",NA,NA,NA,NA,NA
"667","X01690","",NA,NA,NA,NA,NA
"668","X02691","",NA,NA,NA,NA,NA
"669","X02440","",NA,NA,NA,NA,NA
"670","X07450","",NA,NA,NA,NA,NA
"671","X01746","",NA,NA,NA,NA,NA
"672","X01723","",NA,NA,NA,NA,NA
"673","X04395","",NA,NA,NA,NA,NA
"674","X04376","",NA,NA,NA,NA,NA
"675","X02359","",NA,NA,NA,NA,NA
"676","X01978","",NA,NA,NA,NA,NA
"677","X06513","",NA,NA,NA,NA,NA
"678","X07695","",NA,NA,NA,NA,NA
"679","X04445","",NA,NA,NA,NA,NA
"680","X03223","",NA,NA,NA,NA,NA
"681","X03406","",NA,NA,NA,NA,NA
"682","X00717","",NA,NA,NA,NA,NA
"683","X04929","",NA,NA,NA,NA,NA
"684","X02946","",NA,NA,NA,NA,NA
"685","X02093","",NA,NA,NA,NA,NA
"686","X03279","",NA,NA,NA,NA,NA
"687","X06250","",NA,NA,NA,NA,NA
"688","X08189","",NA,NA,NA,NA,NA
"689","X02144","",NA,NA,NA,NA,NA
"690","X06696","",NA,NA,NA,NA,NA
"691","X08143","",NA,NA,NA,NA,NA
"692","X08022","",NA,NA,NA,NA,NA
"693","X00832","",NA,NA,NA,NA,NA
"694","X05996","",NA,NA,NA,NA,NA
"695","X00841","",NA,NA,NA,NA,NA
"696","X08043","",NA,NA,NA,NA,NA
"697","X04307","",NA,NA,NA,NA,NA
"698","X09138","",NA,NA,NA,NA,NA
"699","X08795","",NA,NA,NA,NA,NA
"700","X02995","",NA,NA,NA,NA,NA
"701","X09263","",NA,NA,NA,NA,NA
"702","X09329","",NA,NA,NA,NA,NA
"703","X04808","",NA,NA,NA,NA,NA
"704","X07950","",NA,NA,NA,NA,NA
"705","X01029","",NA,NA,NA,NA,NA
"706","X09881","",NA,NA,NA,NA,NA
"707","X05411","",NA,NA,NA,NA,NA
"708","X03392","",NA,NA,NA,NA,NA
"709","X04943","",NA,NA,NA,NA,NA
"710","X06105","",NA,NA,NA,NA,NA
"711","X02857","",NA,NA,NA,NA,NA
"712","X01547","",NA,NA,NA,NA,NA
"713","X03838","",NA,NA,NA,NA,NA
"714","X07653","",NA,NA,NA,NA,NA
"715","X05652","",NA,NA,NA,NA,NA
"716","X06785","",NA,NA,NA,NA,NA
"717","X00765","",NA,NA,NA,NA,NA
"718","X04271","",NA,NA,NA,NA,NA
"719","X03802","",NA,NA,NA,NA,NA
"720","X06270","",NA,NA,NA,NA,NA
"721","X07219","",NA,NA,NA,NA,NA
"722","X07376","",NA,NA,NA,NA,NA
"723","X09345","",NA,NA,NA,NA,NA
"724","X00520","",NA,NA,NA,NA,NA
"725","X01626","",NA,NA,NA,NA,NA
"726","X03249","",NA,NA,NA,NA,NA
"727","X08847","",NA,NA,NA,NA,NA
"728","X02178","",NA,NA,NA,NA,NA
"729","X04979","",NA,NA,NA,NA,NA
"730","X00773","",NA,NA,NA,NA,NA
"731","X02100","",NA,NA,NA,NA,NA
"732","X09460","",NA,NA,NA,NA,NA
"733","X02625","",NA,NA,NA,NA,NA
"734","X03520","",NA,NA,NA,NA,NA
"735","X01339","",NA,NA,NA,NA,NA
"736","X09777","",NA,NA,NA,NA,NA
"737","X05399","",NA,NA,NA,NA,NA
"738","X03424","",NA,NA,NA,NA,NA
"739","X04427","",NA,NA,NA,NA,NA
"740","X07029","",NA,NA,NA,NA,NA
"741","X08618","",NA,NA,NA,NA,NA
"742","X06958","",NA,NA,NA,NA,NA
"743","X07568","",NA,NA,NA,NA,NA
"744","X07199","",NA,NA,NA,NA,NA
"745","X01585","",NA,NA,NA,NA,NA
"746","X03374","",NA,NA,NA,NA,NA
"747","X00490","",NA,NA,NA,NA,NA
"748","X04411","",NA,NA,NA,NA,NA
"749","X02671","",NA,NA,NA,NA,NA
"750","X07350","",NA,NA,NA,NA,NA
"751","X03389","",NA,NA,NA,NA,NA
"752","X08017","",NA,NA,NA,NA,NA
"753","X01023","",NA,NA,NA,NA,NA
"754","X01856","",NA,NA,NA,NA,NA
"755","X09744","",NA,NA,NA,NA,NA
"756","X00702","",NA,NA,NA,NA,NA
"757","X05356","",NA,NA,NA,NA,NA
"758","X00491","",NA,NA,NA,NA,NA
"759","X02714","",NA,NA,NA,NA,NA
"760","X01226","",NA,NA,NA,NA,NA
"761","X01904","",NA,NA,NA,NA,NA
"762","X07810","",NA,NA,NA,NA,NA
"763","X03465","",NA,NA,NA,NA,NA
"764","X04864","",NA,NA,NA,NA,NA
"765","X06472","",NA,NA,NA,NA,NA
"766","X06621","",NA,NA,NA,NA,NA
"767","X00023","",NA,NA,NA,NA,NA
"768","X03438","",NA,NA,NA,NA,NA
"769","X01561","",NA,NA,NA,NA,NA
"770","X07064","",NA,NA,NA,NA,NA
"771","X00877","",NA,NA,NA,NA,NA
"772","X09886","",NA,NA,NA,NA,NA
"773","X00255","",NA,NA,NA,NA,NA
"774","X00280","",NA,NA,NA,NA,NA
"775","X00303","",NA,NA,NA,NA,NA
"776","X00456","",NA,NA,NA,NA,NA
"777","X06947","",NA,NA,NA,NA,NA
"778","X00759","",NA,NA,NA,NA,NA
"779","X02544","",NA,NA,NA,NA,NA
"780","X06226","",NA,NA,NA,NA,NA
"781","X08633","",NA,NA,NA,NA,NA
"782","X02287","",NA,NA,NA,NA,NA
"783","X01899","",NA,NA,NA,NA,NA
"784","X01239","",NA,NA,NA,NA,NA
"785","X04435","",NA,NA,NA,NA,NA
"786","X06255","",NA,NA,NA,NA,NA
"787","X02271","",NA,NA,NA,NA,NA
"788","X02908","",NA,NA,NA,NA,NA
"789","X00573","",NA,NA,NA,NA,NA
"790","X06562","",NA,NA,NA,NA,NA
"791","X06811","",NA,NA,NA,NA,NA
"792","X02345","",NA,NA,NA,NA,NA
"793","X00330","",NA,NA,NA,NA,NA
"794","X00203","",NA,NA,NA,NA,NA
"795","X02241","",NA,NA,NA,NA,NA
"796","X06451","",NA,NA,NA,NA,NA
"797","X04047","",NA,NA,NA,NA,NA
"798","X02590","",NA,NA,NA,NA,NA
"799","X06326","",NA,NA,NA,NA,NA
"800","X06941","",NA,NA,NA,NA,NA
"801","X09800","",NA,NA,NA,NA,NA
"802","X00922","",NA,NA,NA,NA,NA
"803","X07344","",NA,NA,NA,NA,NA
"804","X03637","",NA,NA,NA,NA,NA
"805","X01049","",NA,NA,NA,NA,NA
"806","X05548","",NA,NA,NA,NA,NA
"807","X09489","",NA,NA,NA,NA,NA
"808","X07774","",NA,NA,NA,NA,NA
"809","X03330","",NA,NA,NA,NA,NA
"810","X00724","",NA,NA,NA,NA,NA
"811","X02404","",NA,NA,NA,NA,NA
"812","X00898","",NA,NA,NA,NA,NA
"813","X06870","",NA,NA,NA,NA,NA
"814","X04999","",NA,NA,NA,NA,NA
"815","X06797","",NA,NA,NA,NA,NA
"816","X07214","",NA,NA,NA,NA,NA
"817","X07362","",NA,NA,NA,NA,NA
"818","X03474","",NA,NA,NA,NA,NA
"819","X05345","",NA,NA,NA,NA,NA
"820","X00302","",NA,NA,NA,NA,NA
"821","X04234","",NA,NA,NA,NA,NA
"822","X06439","",NA,NA,NA,NA,NA
"823","X07858","",NA,NA,NA,NA,NA
"824","X05357","",NA,NA,NA,NA,NA
"825","X03559","",NA,NA,NA,NA,NA
"826","X05766","",NA,NA,NA,NA,NA
"827","X02672","",NA,NA,NA,NA,NA
"828","X01867","",NA,NA,NA,NA,NA
"829","X03412","",NA,NA,NA,NA,NA
"830","X01809","",NA,NA,NA,NA,NA
"831","X02514","",NA,NA,NA,NA,NA
"832","X05750","",NA,NA,NA,NA,NA
"833","X08757","",NA,NA,NA,NA,NA
"834","X08672","",NA,NA,NA,NA,NA
"835","X09318","",NA,NA,NA,NA,NA
"836","X08663","",NA,NA,NA,NA,NA
"837","X07446","",NA,NA,NA,NA,NA
"838","X06145","",NA,NA,NA,NA,NA
"839","X07094","",NA,NA,NA,NA,NA
"840","X09684","",NA,NA,NA,NA,NA
"841","X03528","",NA,NA,NA,NA,NA
"842","X04267","",NA,NA,NA,NA,NA
"843","X05177","",NA,NA,NA,NA,NA
"844","X00060","",NA,NA,NA,NA,NA
"845","X03121","",NA,NA,NA,NA,NA
"846","X03106","",NA,NA,NA,NA,NA
"847","X07949","",NA,NA,NA,NA,NA
"848","X06580","",NA,NA,NA,NA,NA
"849","X06653","",NA,NA,NA,NA,NA
"850","X05160","",NA,NA,NA,NA,NA
"851","X07815","",NA,NA,NA,NA,NA
"852","X03239","",NA,NA,NA,NA,NA
"853","X08344","",NA,NA,NA,NA,NA
"854","X05020","",NA,NA,NA,NA,NA
"855","X01858","",NA,NA,NA,NA,NA
"856","X08191","",NA,NA,NA,NA,NA
"857","X09724","",NA,NA,NA,NA,NA
"858","X01793","",NA,NA,NA,NA,NA
"859","X07464","",NA,NA,NA,NA,NA
"860","X09921","",NA,NA,NA,NA,NA
"861","X01291","",NA,NA,NA,NA,NA
"862","X04728","",NA,NA,NA,NA,NA
"863","X04626","",NA,NA,NA,NA,NA
"864","X03048","",NA,NA,NA,NA,NA
"865","X00534","",NA,NA,NA,NA,NA
"866","X01312","",NA,NA,NA,NA,NA
"867","X02739","",NA,NA,NA,NA,NA
"868","X07470","",NA,NA,NA,NA,NA
"869","X03766","",NA,NA,NA,NA,NA
"870","X08426","",NA,NA,NA,NA,NA
"871","X01598","",NA,NA,NA,NA,NA
"872","X07680","",NA,NA,NA,NA,NA
"873","X02788","",NA,NA,NA,NA,NA
"874","X09589","",NA,NA,NA,NA,NA
"875","X03058","",NA,NA,NA,NA,NA
"876","X01306","",NA,NA,NA,NA,NA
"877","X03854","",NA,NA,NA,NA,NA
"878","X05611","",NA,NA,NA,NA,NA
"879","X01808","",NA,NA,NA,NA,NA
"880","X06587","",NA,NA,NA,NA,NA
"881","X05619","",NA,NA,NA,NA,NA
"882","X07404","",NA,NA,NA,NA,NA
"883","X04226","",NA,NA,NA,NA,NA
"884","X09851","",NA,NA,NA,NA,NA
"885","X00432","",NA,NA,NA,NA,NA
"886","X04456","",NA,NA,NA,NA,NA
"887","X02742","",NA,NA,NA,NA,NA
"888","X05298","",NA,NA,NA,NA,NA
"889","X00326","",NA,NA,NA,NA,NA
"890","X00670","",NA,NA,NA,NA,NA
"891","X01091","",NA,NA,NA,NA,NA
"892","X09520","",NA,NA,NA,NA,NA
"893","X05438","",NA,NA,NA,NA,NA
"894","X02734","",NA,NA,NA,NA,NA
"895","X08464","",NA,NA,NA,NA,NA
"896","X07107","",NA,NA,NA,NA,NA
"897","X03823","",NA,NA,NA,NA,NA
"898","X00546","",NA,NA,NA,NA,NA
"899","X09737","",NA,NA,NA,NA,NA
"900","X08546","",NA,NA,NA,NA,NA
"901","X01613","",NA,NA,NA,NA,NA
"902","X05428","",NA,NA,NA,NA,NA
"903","X05851","",NA,NA,NA,NA,NA
"904","X04698","",NA,NA,NA,NA,NA
"905","X01135","",NA,NA,NA,NA,NA
"906","X01387","",NA,NA,NA,NA,NA
"907","X01484","",NA,NA,NA,NA,NA
"908","X06112","",NA,NA,NA,NA,NA
"909","X03028","",NA,NA,NA,NA,NA
"910","X01865","",NA,NA,NA,NA,NA
"911","X00440","",NA,NA,NA,NA,NA
"912","X06889","",NA,NA,NA,NA,NA
"913","X07005","",NA,NA,NA,NA,NA
"914","X05794","",NA,NA,NA,NA,NA
"915","X02206","",NA,NA,NA,NA,NA
"916","X01308","",NA,NA,NA,NA,NA
"917","X07645","",NA,NA,NA,NA,NA
"918","X08925","",NA,NA,NA,NA,NA
"919","X03849","",NA,NA,NA,NA,NA
"920","X04448","",NA,NA,NA,NA,NA
"921","X01854","",NA,NA,NA,NA,NA
"922","X07399","",NA,NA,NA,NA,NA
"923","X06040","",NA,NA,NA,NA,NA
"924","X04399","",NA,NA,NA,NA,NA
"925","X00234","",NA,NA,NA,NA,NA
"926","X04907","",NA,NA,NA,NA,NA
"927","X05734","",NA,NA,NA,NA,NA
"928","X04406","",NA,NA,NA,NA,NA
"929","X08898","",NA,NA,NA,NA,NA
"930","X00923","",NA,NA,NA,NA,NA
"931","X01056","",NA,NA,NA,NA,NA
"932","X00640","",NA,NA,NA,NA,NA
"933","X06961","",NA,NA,NA,NA,NA
"934","X07744","",NA,NA,NA,NA,NA
"935","X02809","",NA,NA,NA,NA,NA
"936","X01123","",NA,NA,NA,NA,NA
"937","X02511","",NA,NA,NA,NA,NA
"938","X02431","",NA,NA,NA,NA,NA
"939","X02041","",NA,NA,NA,NA,NA
"940","X02419","",NA,NA,NA,NA,NA
"941","X02841","",NA,NA,NA,NA,NA
"942","X05790","",NA,NA,NA,NA,NA
"943","X01057","",NA,NA,NA,NA,NA
"944","X08217","",NA,NA,NA,NA,NA
"945","X08429","",NA,NA,NA,NA,NA
"946","X05359","",NA,NA,NA,NA,NA
"947","X05328","",NA,NA,NA,NA,NA
"948","X04924","",NA,NA,NA,NA,NA
"949","X02899","",NA,NA,NA,NA,NA
"950","X02138","",NA,NA,NA,NA,NA
"951","X01643","",NA,NA,NA,NA,NA
"952","X05435","",NA,NA,NA,NA,NA
"953","X08136","",NA,NA,NA,NA,NA
"954","X06832","",NA,NA,NA,NA,NA
"955","X01099","",NA,NA,NA,NA,NA
"956","X01969","",NA,NA,NA,NA,NA
"957","X03148","",NA,NA,NA,NA,NA
"958","X08940","",NA,NA,NA,NA,NA
"959","X02810","",NA,NA,NA,NA,NA
"960","X09143","",NA,NA,NA,NA,NA
"961","X00401","",NA,NA,NA,NA,NA
"962","X04028","",NA,NA,NA,NA,NA
"963","X03000","",NA,NA,NA,NA,NA
"964","X09288","",NA,NA,NA,NA,NA
"965","X02903","",NA,NA,NA,NA,NA
"966","X05206","",NA,NA,NA,NA,NA
"967","X04822","",NA,NA,NA,NA,NA
"968","X09176","",NA,NA,NA,NA,NA
"969","X07292","",NA,NA,NA,NA,NA
"970","X07709","",NA,NA,NA,NA,NA
"971","X02417","",NA,NA,NA,NA,NA
"972","X07475","",NA,NA,NA,NA,NA
"973","X01299","",NA,NA,NA,NA,NA
"974","X01901","",NA,NA,NA,NA,NA
"975","X02772","",NA,NA,NA,NA,NA
"976","X04605","",NA,NA,NA,NA,NA
"977","X01776","",NA,NA,NA,NA,NA
"978","X06599","",NA,NA,NA,NA,NA
"979","X00739","",NA,NA,NA,NA,NA
"980","X00731","",NA,NA,NA,NA,NA
"981","X03025","",NA,NA,NA,NA,NA
"982","X01011","",NA,NA,NA,NA,NA
"983","X00298","",NA,NA,NA,NA,NA
"984","X01223","",NA,NA,NA,NA,NA
"985","X01987","",NA,NA,NA,NA,NA
"986","X08084","",NA,NA,NA,NA,NA
"987","X03434","",NA,NA,NA,NA,NA
"988","X01102","",NA,NA,NA,NA,NA
"989","X01609","",NA,NA,NA,NA,NA
"990","X04616","",NA,NA,NA,NA,NA
"991","X04771","",NA,NA,NA,NA,NA
"992","X07272","",NA,NA,NA,NA,NA
"993","X04548","",NA,NA,NA,NA,NA
"994","X01334","",NA,NA,NA,NA,NA
"995","X02769","",NA,NA,NA,NA,NA
"996","X04580","",NA,NA,NA,NA,NA
"997","X07194","",NA,NA,NA,NA,NA
"998","X04473","",NA,NA,NA,NA,NA
"999","X03304","",NA,NA,NA,NA,NA
"1000","X02375","",NA,NA,NA,NA,NA
"1001","X07082","",NA,NA,NA,NA,NA
"1002","X00701","",NA,NA,NA,NA,NA
"1003","X06549","",NA,NA,NA,NA,NA
"1004","X08936","",NA,NA,NA,NA,NA
"1005","X04561","",NA,NA,NA,NA,NA
"1006","X07747","",NA,NA,NA,NA,NA
"1007","X03616","",NA,NA,NA,NA,NA
"1008","X04747","",NA,NA,NA,NA,NA
"1009","X07790","",NA,NA,NA,NA,NA
"1010","X07288","",NA,NA,NA,NA,NA
"1011","X08641","",NA,NA,NA,NA,NA
"1012","X06117","",NA,NA,NA,NA,NA
"1013","X03869","",NA,NA,NA,NA,NA
"1014","X07872","",NA,NA,NA,NA,NA
"1015","X04457","",NA,NA,NA,NA,NA
"1016","X01351","",NA,NA,NA,NA,NA
"1017","X04428","",NA,NA,NA,NA,NA
"1018","X02030","",NA,NA,NA,NA,NA
"1019","X06423","",NA,NA,NA,NA,NA
"1020","X05317","",NA,NA,NA,NA,NA
"1021","X02261","",NA,NA,NA,NA,NA
"1022","X08100","",NA,NA,NA,NA,NA
"1023","X00383","",NA,NA,NA,NA,NA
"1024","X02114","",NA,NA,NA,NA,NA
"1025","X00889","",NA,NA,NA,NA,NA
"1026","X02198","",NA,NA,NA,NA,NA
"1027","X09336","",NA,NA,NA,NA,NA
"1028","X05123","",NA,NA,NA,NA,NA
"1029","X02980","",NA,NA,NA,NA,NA
"1030","X05934","",NA,NA,NA,NA,NA
"1031","X03876","",NA,NA,NA,NA,NA
"1032","X02803","",NA,NA,NA,NA,NA
"1033","X00065","",NA,NA,NA,NA,NA
"1034","X09165","",NA,NA,NA,NA,NA
"1035","X06147","",NA,NA,NA,NA,NA
"1036","X01074","",NA,NA,NA,NA,NA
"1037","X06517","",NA,NA,NA,NA,NA
"1038","X05481","",NA,NA,NA,NA,NA
"1039","X07306","",NA,NA,NA,NA,NA
"1040","X07497","",NA,NA,NA,NA,NA
"1041","X08242","",NA,NA,NA,NA,NA
"1042","X09465","",NA,NA,NA,NA,NA
"1043","X00613","",NA,NA,NA,NA,NA
"1044","X07132","",NA,NA,NA,NA,NA
"1045","X00837","",NA,NA,NA,NA,NA
"1046","X07838","",NA,NA,NA,NA,NA
"1047","X08047","",NA,NA,NA,NA,NA
"1048","X01415","",NA,NA,NA,NA,NA
"1049","X03247","",NA,NA,NA,NA,NA
"1050","X02130","",NA,NA,NA,NA,NA
"1051","X01976","",NA,NA,NA,NA,NA
"1052","X09627","",NA,NA,NA,NA,NA
"1053","X02034","",NA,NA,NA,NA,NA
"1054","X02280","",NA,NA,NA,NA,NA
"1055","X00700","",NA,NA,NA,NA,NA
"1056","X05337","",NA,NA,NA,NA,NA
"1057","X04518","",NA,NA,NA,NA,NA
"1058","X05939","",NA,NA,NA,NA,NA
"1059","SL00184","C00296","Organic acids","Carboxylic acids","none","none","none"
"1060","SL00185","C00191","Carbohydrates","Monosaccharides","Sugar acids","none","none"
"1061","SL00012","C05984","Lipids","Fatty acyls","Fatty Acids and Conjugates","Hydroxy fatty acids","none"
"1062","SL00008","C11145",NA,NA,NA,NA,NA
"1063","SL00064",NA,NA,NA,NA,NA,NA
"1064","SL00106","C00398","Phytochemical compounds","Alkaloids","Alkaloids derived from tryptophan and anthranilic acid","Indole alkaloids","none"
"1065","X00266","C12285",NA,NA,NA,NA,NA
"1066","SL00174","C08261","Lipids","Fatty acyls","Fatty Acids and Conjugates","Dicarboxylic acids","none"
"1067","SL00254","C00695","Lipids","Sterol Lipids","Bile acids and derivatives","C24 bile acids, alcohols, and derivatives","none"
"1068","SL00059","C00149","Organic acids","Carboxylic acids","Hydroxycarboxylic acids","none","none"
"1069","SL00194",NA,NA,NA,NA,NA,NA
"1070","SL00010","C00334","Lipids","Fatty acyls","Fatty Acids and Conjugates","Amino fatty acids","none"
"1071","SL00214","C01657",NA,NA,NA,NA,NA
"1072","X01315",NA,NA,NA,NA,NA,NA
"1073","SL00203","C03519",NA,NA,NA,NA,NA
"1074","SL00224","C00884",NA,NA,NA,NA,NA
"1075","SL00193","C05584",NA,NA,NA,NA,NA
"1076","X01507","C00049","Peptides","Amino acids","Common amino acids","none","none"
"1077","SL00125","C00079","Peptides","Amino acids","Common amino acids","none","none"
"1078","SL00215","C00386","Peptides","Peptides","Dipeptides","none","none"
"1079","SL00050","C00300",NA,NA,NA,NA,NA
"1080","SL00196","C08277","Lipids","Fatty acyls","Fatty Acids and Conjugates","Dicarboxylic acids","none"
"1081","SL00019","C00791","Peptides","none","none","none","none"
"1082","SL00250","C15517",NA,NA,NA,NA,NA
"1083","SL00003","C00037","Peptides","Amino acids","Common amino acids","none","none"
"1084","SL00176","C02155",NA,NA,NA,NA,NA
"1085","SL00255",NA,NA,NA,NA,NA,NA
"1086","SL00256","C17727",NA,NA,NA,NA,NA
"1087","SL00227","C00299","Nucleic acids","Nucleosides","Ribonucleosides","none","none"
"1088","SL00230",NA,NA,NA,NA,NA,NA
"1089","SL00124","C02242",NA,NA,NA,NA,NA
"1090","X03661","C02494",NA,NA,NA,NA,NA
"1091","X01803","C16357","Phytochemical compounds","Alkaloids","Others","Purine alkaloids","none"
"1092","SL00099",NA,NA,NA,NA,NA,NA
"1093","SL00181",NA,NA,NA,NA,NA,NA
"1094","SL00179","C01717",NA,NA,NA,NA,NA
"1095","SL00102",NA,NA,NA,NA,NA,NA
"1096","X02325",NA,NA,NA,NA,NA,NA
"1097","SL00170","C00847","Vitamins and Cofactors","Vitamins","Water-soluble vitamins","none","none"
"1098","SL00045","C00408","Phytochemical compounds","Alkaloids","Alkaloids derived from lysine","Piperidine alkaloids","none"
"1099","SL00042",NA,NA,NA,NA,NA,NA
"1100","SL00225","C00214","Nucleic acids","Nucleosides","Deoxyribonucleosides","none","none"
"1101","SL00090","C05842",NA,NA,NA,NA,NA
"1102","SL00061","C01620","Carbohydrates","Monosaccharides","Sugar acids","none","none"
"1103","SL00078","C00047","Peptides","Amino acids","Common amino acids","none","none"
"1104","SL00186","C01494","Phytochemical compounds","Phenylpropanoids","Monolignols","Coniferyl alcohol derivatives","none"
"1105","SL00173",NA,NA,NA,NA,NA,NA
"1106","X00077","C00719",NA,NA,NA,NA,NA
"1107","SL00023","C00183","Peptides","Amino acids","Common amino acids","none","none"
"1108","X01732","C00366","Nucleic acids","none","none","none","none"
"1109","SL00087","C00385","Phytochemical compounds","Alkaloids","Others","Purine alkaloids","none"
"1110","SL00137","C00314","Vitamins and Cofactors","Vitamins","Water-soluble vitamins","none","none"
"1111","SL00238","C02713","Carbohydrates","Monosaccharides","Amino sugars","none","none"
"1112","SL00156","C00329","Carbohydrates","Monosaccharides","Amino sugars","none","none"
"1113","SL00217","C00526","Nucleic acids","Nucleosides","Deoxyribonucleosides","none","none"
"1114","SL00237","C03882","Phytochemical compounds","Alkaloids","Alkaloids derived from lysine","Piperidine alkaloids","none"
"1115","SL00115","C00811","Phytochemical compounds","Phenylpropanoids","Monolignols","Paracoumaryl alcohol derivatives","none"
"1116","X01203","C08493",NA,NA,NA,NA,NA
"1117","SL00020","C00148","Peptides","Amino acids","Common amino acids","none","none"
"1118","SL00108","C00956","Peptides","none","none","none","none"
"1119","SL00033","C00253","Vitamins and Cofactors","Vitamins","Water-soluble vitamins","none","none"
"1120","SL00123","C02989","Peptides","Amino acids","none","none","none"
"1121","SL00154","C01586",NA,NA,NA,NA,NA
"1122","SL00006","C00041","Peptides","Amino acids","Common amino acids","none","none"
"1123","SL00167","C05582",NA,NA,NA,NA,NA
"1124","SL00158","C13747","Phytochemical compounds","Alkaloids","Others","Purine alkaloids","none"
"1125","SL00177","C01924",NA,NA,NA,NA,NA
"1126","SL00131","C11457","Organic acids","Carboxylic acids","none","none","none"
"1127","SL00047","C00179","Phytochemical compounds","Amino acid related compounds","Others","Amines","none"
"1128","SL00152","C00780","Peptides","Amines","Biogenic amines","none","none"
"1129","SL00132","C00250","Vitamins and Cofactors","Vitamins","Water-soluble vitamins","none","none"
"1130","SL00015","C00258","Carbohydrates","Monosaccharides","Sugar acids","none","none"
"1131","SL00199","C02571",NA,NA,NA,NA,NA
"1132","SL00180","C00624","Peptides","Amino acids","none","none","none"
"1133","SL00028","C00633",NA,NA,NA,NA,NA
"1134","SL00189","C00257","Carbohydrates","Monosaccharides","Sugar acids","none","none"
"1135","SL00052","C00123","Peptides","Amino acids","Common amino acids","none","none"
"1136","SL00251","C07880","Lipids","Sterol Lipids","Bile acids and derivatives","C24 bile acids, alcohols, and derivatives","none"
"1137","SL00039","C00178","Nucleic acids","Bases","Pyrimidines","none","none"
"1138","SL00188","C07481","Phytochemical compounds","Alkaloids","Others","Purine alkaloids","none"
"1139","SL00086","C06804",NA,NA,NA,NA,NA
"1140","SL00150","C00954","Phytochemical compounds","Alkaloids","Alkaloids derived from tryptophan and anthranilic acid","Indole alkaloids","none"
"1141","X01671","C00547","Hormones and transmitters","Other hormones","Adrenalines","none","none"
"1142","SL00206",NA,NA,NA,NA,NA,NA
"1143","SL00242","C19910",NA,NA,NA,NA,NA
"1144","SL00083","C00181","Carbohydrates","Monosaccharides","Aldoses","none","none"
"1145","SL00153","C01040",NA,NA,NA,NA,NA
"1146","SL00221","C02678","Lipids","Fatty acyls","Fatty Acids and Conjugates","Dicarboxylic acids","none"
"1147","SL00032","C07446",NA,NA,NA,NA,NA
"1148","SL00171","C00788","Hormones and transmitters","Other hormones","Adrenalines","none","none"
"1149","SL00207","C03017","Lipids","Fatty acyls","Fatty esters","Fatty acyl carnitines","none"
"1150","SL00226","C00475","Nucleic acids","Nucleosides","Ribonucleosides","none","none"
"1151","SL00151",NA,NA,NA,NA,NA,NA
"1152","SL00053",NA,NA,NA,NA,NA,NA
"1153","SL00141",NA,NA,NA,NA,NA,NA
"1154","SL00175","C12989",NA,NA,NA,NA,NA
"1155","SL00229","C05512",NA,NA,NA,NA,NA
"1156","SL00094","C03758","Peptides","Amines","Biogenic amines","none","none"
"1157","SL00021","C00122","Organic acids","Carboxylic acids","Dicarboxylic acids","none","none"
"1158","SL00105","C02656","Lipids","Fatty acyls","Fatty Acids and Conjugates","Dicarboxylic acids","none"
"1159","SL00076","C06104","Organic acids","Carboxylic acids","Dicarboxylic acids","none","none"
"1160","SL00157","C01487","Carbohydrates","Monosaccharides","Aldoses","none","none"
"1161","SL00168","C06307","Lipids","Prenol Lipids","Isoprenoids","C10 isoprenoids (monoterpenes)","Bicyclic monoterpenoids"
"1162","X04231",NA,NA,NA,NA,NA,NA
"1163","SL00095","C00628",NA,NA,NA,NA,NA
"1164","SL00182","C02427",NA,NA,NA,NA,NA
"1165","SL00205",NA,NA,NA,NA,NA,NA
"1166","SL00034","C00245","Organic acids","none","none","none","none"
"1167","X01466","C00328",NA,NA,NA,NA,NA
"1168","SL00112","C16741",NA,NA,NA,NA,NA
"1169","SL00160","C07130","Phytochemical compounds","Alkaloids","Others","Purine alkaloids","none"
"1170","X08831","",NA,NA,NA,NA,NA
"1171","X00352","",NA,NA,NA,NA,NA
"1172","X06880","",NA,NA,NA,NA,NA
"1173","X00105","",NA,NA,NA,NA,NA
"1174","X00623","",NA,NA,NA,NA,NA
"1175","X00980","",NA,NA,NA,NA,NA
"1176","X07856","",NA,NA,NA,NA,NA
"1177","X02121","",NA,NA,NA,NA,NA
"1178","X00722","",NA,NA,NA,NA,NA
"1179","X02876","",NA,NA,NA,NA,NA
"1180","X02727","",NA,NA,NA,NA,NA
"1181","X05997","",NA,NA,NA,NA,NA
"1182","X03350","",NA,NA,NA,NA,NA
"1183","X02057","",NA,NA,NA,NA,NA
"1184","X00719","",NA,NA,NA,NA,NA
"1185","X00962","",NA,NA,NA,NA,NA
"1186","X00584","",NA,NA,NA,NA,NA
"1187","X00682","",NA,NA,NA,NA,NA
"1188","X00677","",NA,NA,NA,NA,NA
"1189","X02836","",NA,NA,NA,NA,NA
"1190","X07021","",NA,NA,NA,NA,NA
"1191","X01830","",NA,NA,NA,NA,NA
"1192","X00618","",NA,NA,NA,NA,NA
"1193","X00232","",NA,NA,NA,NA,NA
"1194","X01373","",NA,NA,NA,NA,NA
"1195","X01546","",NA,NA,NA,NA,NA
"1196","X00660","",NA,NA,NA,NA,NA
"1197","X06150","",NA,NA,NA,NA,NA
"1198","X07210","",NA,NA,NA,NA,NA
"1199","X01100","",NA,NA,NA,NA,NA
"1200","X03819","",NA,NA,NA,NA,NA
"1201","X03052","",NA,NA,NA,NA,NA
"1202","X03450","",NA,NA,NA,NA,NA
"1203","X06181","",NA,NA,NA,NA,NA
"1204","X03865","",NA,NA,NA,NA,NA
"1205","X02886","",NA,NA,NA,NA,NA
"1206","X00306","",NA,NA,NA,NA,NA
"1207","X02701","",NA,NA,NA,NA,NA
"1208","X01161","",NA,NA,NA,NA,NA
"1209","X00342","",NA,NA,NA,NA,NA
"1210","X00362","",NA,NA,NA,NA,NA
"1211","X02827","",NA,NA,NA,NA,NA
"1212","X00336","",NA,NA,NA,NA,NA
"1213","X00305","",NA,NA,NA,NA,NA
"1214","X00692","",NA,NA,NA,NA,NA
"1215","X00535","",NA,NA,NA,NA,NA
"1216","X00349","",NA,NA,NA,NA,NA
"1217","X00852","",NA,NA,NA,NA,NA
"1218","X00469","",NA,NA,NA,NA,NA
"1219","X00014","",NA,NA,NA,NA,NA
"1220","X04841","",NA,NA,NA,NA,NA
"1221","X03182","",NA,NA,NA,NA,NA
"1222","X00663","",NA,NA,NA,NA,NA
"1223","X01092","",NA,NA,NA,NA,NA
"1224","X04642","",NA,NA,NA,NA,NA
"1225","X05024","",NA,NA,NA,NA,NA
"1226","X04451","",NA,NA,NA,NA,NA
"1227","X00748","",NA,NA,NA,NA,NA
"1228","X06148","",NA,NA,NA,NA,NA
"1229","X04370","",NA,NA,NA,NA,NA
"1230","X08437","",NA,NA,NA,NA,NA
"1231","X03487","",NA,NA,NA,NA,NA
"1232","X00489","",NA,NA,NA,NA,NA
"1233","X03062","",NA,NA,NA,NA,NA
"1234","X03935","",NA,NA,NA,NA,NA
"1235","X00268","",NA,NA,NA,NA,NA
"1236","X00283","",NA,NA,NA,NA,NA
"1237","X00259","",NA,NA,NA,NA,NA
"1238","X00846","",NA,NA,NA,NA,NA
"1239","X01188","",NA,NA,NA,NA,NA
"1240","X01527","",NA,NA,NA,NA,NA
"1241","X05801","",NA,NA,NA,NA,NA
"1242","X00368","",NA,NA,NA,NA,NA
"1243","X03891","",NA,NA,NA,NA,NA
"1244","X02726","",NA,NA,NA,NA,NA
"1245","X01973","",NA,NA,NA,NA,NA
"1246","X00657","",NA,NA,NA,NA,NA
"1247","X01733","",NA,NA,NA,NA,NA
"1248","X03621","",NA,NA,NA,NA,NA
"1249","X00809","",NA,NA,NA,NA,NA
"1250","X00454","",NA,NA,NA,NA,NA
"1251","X00740","",NA,NA,NA,NA,NA
"1252","X04902","",NA,NA,NA,NA,NA
"1253","X00507","",NA,NA,NA,NA,NA
"1254","X02738","",NA,NA,NA,NA,NA
"1255","X01420","",NA,NA,NA,NA,NA
"1256","X00056","",NA,NA,NA,NA,NA
"1257","X06333","",NA,NA,NA,NA,NA
"1258","X04002","",NA,NA,NA,NA,NA
"1259","X00104","",NA,NA,NA,NA,NA
"1260","X00307","",NA,NA,NA,NA,NA
"1261","X00957","",NA,NA,NA,NA,NA
"1262","X00567","",NA,NA,NA,NA,NA
"1263","X07156","",NA,NA,NA,NA,NA
